<?xml version="1.0" encoding="UTF-8"?>
<Configuration name=SpringBootMSLogConfig status=INFO>
<CustomLevels>
	<CustomLevel name="COMPLIANCE" intLevel=370/>
	<CustomLevel name="BUSINESS" intLevel=380/>
</CustomLevels>
<Configuration status="WARN">
    <Appenders>
        <Console name="console" target="SYSTEM_OUT">
            <PatternLayout pattern="[%-5level] %d{yyyy-MM-dd HH:mm:ss.SSS} [%t] %c{1} - %msg%n"/>
        </Console>
    </Appenders>
    <Loggers>
        <Root level="info" additivity="false">
            <AppenderRef ref="console"/>
        </Root>
    </Loggers>
</Configuration>